id,target,prediction
POSCAR-JVASP-21210.vasp, 6.149000, 1.284943
POSCAR-JVASP-97677.vasp, 4.072000, 1.041227
POSCAR-JVASP-65101.vasp, 0.000000, 0.885294
POSCAR-JVASP-65062.vasp, 0.000000, 0.569186
POSCAR-JVASP-97570.vasp, 2.341000, 0.986286
